"","fips","date","county","state","YH","wet_bulb_temp_C","daily_visitation_diff","inc"
"1",12086,2020-12-01,"Miami-Dade","FL",124,20.43599,-0.307566317212619,1958.18698257007
"2",12086,2020-12-02,"Miami-Dade","FL",101,20.7662,-0.283852003527486,2029.46274352405
"3",12086,2020-12-03,"Miami-Dade","FL",118,19.34939,-0.402099546403548,2094.26045526818
"4",12086,2020-12-04,"Miami-Dade","FL",113,20.05254,-0.330224807595101,2147.72209386199
"5",12086,2020-12-05,"Miami-Dade","FL",111,19.93032,-0.200894365614773,2186.0212434435
"6",12086,2020-12-06,"Miami-Dade","FL",89,19.72452,-0.219652987192145,2205.33148815076
"7",12086,2020-12-07,"Miami-Dade","FL",119,20.29951,-0.32886562960049,2203.40694386043
"8",12086,2020-12-08,"Miami-Dade","FL",111,20.4538,-0.338229473277705,2184.32385340396
"9",12086,2020-12-09,"Miami-Dade","FL",96,20.49869,-0.42502544407515,2154.37672732839
"10",12086,2020-12-10,"Miami-Dade","FL",100,18.6877,-0.490754139231565,2122.41102008881
"11",12086,2020-12-11,"Miami-Dade","FL",99,18.28327,-0.355677904896086,2097.90992211728
"12",12086,2020-12-12,"Miami-Dade","FL",109,18.65261,-0.452019706761499,2089.19978511231
"13",12086,2020-12-13,"Miami-Dade","FL",108,18.77367,-0.415907238985972,2099.97960583828
"14",12086,2020-12-14,"Miami-Dade","FL",129,19.09863,-0.394550547929647,2131.21101058738
"15",12086,2020-12-15,"Miami-Dade","FL",152,19.29682,-0.429253847260278,2177.53349869707
"16",12086,2020-12-16,"Miami-Dade","FL",124,19.37711,-0.471743647518896,2232.00603776615
"17",12086,2020-12-17,"Miami-Dade","FL",151,19.76025,-0.52276881819482,2287.2317089847
"18",12086,2020-12-18,"Miami-Dade","FL",135,19.40754,-0.395162661450812,2333.99004790796
"19",12086,2020-12-19,"Miami-Dade","FL",145,18.53821,-0.146223461443036,2363.761542416
"20",12086,2020-12-20,"Miami-Dade","FL",117,19.86448,-0.276774198563807,2372.65403532302
"21",12086,2020-12-21,"Miami-Dade","FL",115,19.68605,-0.318256355908673,2357.93220817676
"22",12086,2020-12-22,"Miami-Dade","FL",121,18.82806,0.295614710405707,2318.60549285707
"23",12086,2020-12-23,"Miami-Dade","FL",131,19.70793,0.364647658700415,2260.66232257233
"24",12086,2020-12-24,"Miami-Dade","FL",145,19.51347,-0.113242980434086,2192.29176727175
"25",12086,2020-12-25,"Miami-Dade","FL",117,19.87414,-0.652085954951321,2123.50644253944
"26",12086,2020-12-26,"Miami-Dade","FL",120,21.04986,0.0690610933235666,2064.77485036813
"27",12086,2020-12-27,"Miami-Dade","FL",120,20.75173,0.029318207677646,2026.56549275063
"28",12086,2020-12-28,"Miami-Dade","FL",111,20.70951,0.0872692656735968,2018.38913916158
"29",12086,2020-12-29,"Miami-Dade","FL",142,20.90749,0.133236181467693,2044.180878671
"30",12086,2020-12-30,"Miami-Dade","FL",163,18.60749,0.0998300645270995,2099.93906650235
"31",12086,2020-12-31,"Miami-Dade","FL",139,18.88165,-0.219222047423094,2179.91730754688
"32",12086,2021-01-01,"Miami-Dade","FL",144,20.51724,-0.32125876656153,2278.36920669581
"33",12086,2021-01-02,"Miami-Dade","FL",128,20.90476,0.0102030930636453,2388.92488830718
"34",12086,2021-01-03,"Miami-Dade","FL",137,19.74359,-0.034734496544501,2502.72055460554
"35",12086,2021-01-04,"Miami-Dade","FL",121,13.52564,-0.121028195259075,2611.22665980045
"36",12086,2021-01-05,"Miami-Dade","FL",165,11.66667,-0.194093509206049,2709.74458817383
"37",12086,2021-01-06,"Miami-Dade","FL",156,10.99537,-0.179991085235606,2794.53345652574
"38",12086,2021-01-07,"Miami-Dade","FL",134,14.69907,-0.245914478051815,2861.90797748334
"39",12086,2021-01-08,"Miami-Dade","FL",177,15.87607,-0.187920731160118,2908.40524698202
"40",12086,2021-01-09,"Miami-Dade","FL",154,10.46296,-0.0519996219326331,2931.2414373175
"41",12086,2021-01-10,"Miami-Dade","FL",129,8.449074,-0.123756970892394,2930.12664291893
"42",12086,2021-01-11,"Miami-Dade","FL",143,15.09259,-0.256621391308149,2905.39443874862
"43",12086,2021-01-12,"Miami-Dade","FL",154,16.92192,-0.252901439396616,2858.28945163757
"44",12086,2021-01-13,"Miami-Dade","FL",168,13.14327,-0.239374941970433,2793.70051589094
"45",12086,2021-01-14,"Miami-Dade","FL",142,12.99603,-0.257437064507124,2717.37192185548
"46",12086,2021-01-15,"Miami-Dade","FL",164,14.0404,-0.249330887111087,2634.82557656967
"47",12086,2021-01-16,"Miami-Dade","FL",128,12.80781,-0.107406576009263,2551.52779124493
"48",12086,2021-01-17,"Miami-Dade","FL",136,11.57407,-0.135136548571687,2472.55306423856
"49",12086,2021-01-18,"Miami-Dade","FL",116,12.87037,-0.13602276916661,2401.4086424914
"50",12086,2021-01-19,"Miami-Dade","FL",132,10.99537,-0.246492699868906,2340.29890822168
"51",12086,2021-01-20,"Miami-Dade","FL",145,13.05556,-0.265787688447127,2287.7840361734
"52",12086,2021-01-21,"Miami-Dade","FL",124,12.63889,-0.339510355651345,2241.51314922189
"53",12086,2021-01-22,"Miami-Dade","FL",133,14.87455,-0.27983698732764,2199.22503591542
"54",12086,2021-01-23,"Miami-Dade","FL",125,16.21648,-0.146648787230775,2159.01714749392
"55",12086,2021-01-24,"Miami-Dade","FL",122,17.63889,-0.165488685087043,2119.46841372431
"56",12086,2021-01-25,"Miami-Dade","FL",109,18.68056,-0.258409905905932,2080.72501579
"57",12086,2021-01-26,"Miami-Dade","FL",148,19.08333,-0.235822412671287,2043.32494772843
"58",12086,2021-01-27,"Miami-Dade","FL",124,19.88304,-0.256353548314572,2007.80620357702
"59",12086,2021-01-28,"Miami-Dade","FL",135,15.40123,-0.331473898062894,1974.50478095723
"60",12086,2021-01-29,"Miami-Dade","FL",115,10.43981,-0.271620983494881,1942.8590261533
"61",12086,2021-01-30,"Miami-Dade","FL",129,12.94686,-0.120943750664572,1911.74662634185
"62",12086,2021-01-31,"Miami-Dade","FL",99,16.41204,-0.165743103666384,1879.95560302656
"63",12086,2021-02-01,"Miami-Dade","FL",129,14.7619,-0.272192073283239,1846.27397771111
"64",12086,2021-02-02,"Miami-Dade","FL",115,8.587963,-0.254901582875859,1809.98914292821
"65",12086,2021-02-03,"Miami-Dade","FL",114,8.547009,-0.245559070630476,1772.38597532692
"66",12086,2021-02-04,"Miami-Dade","FL",117,7.58547,-0.330415943512472,1735.45071900135
"67",12086,2021-02-05,"Miami-Dade","FL",106,13.81944,-0.243330589504583,1701.97760370991
"68",12086,2021-02-06,"Miami-Dade","FL",142,19.0404,-0.163185690150164,1674.96285562698
"69",12086,2021-02-07,"Miami-Dade","FL",106,21.53747,-0.223090464886349,1656.34567789772
"70",12086,2021-02-08,"Miami-Dade","FL",90,19.34921,-0.276790906091161,1643.83718155011
"71",12086,2021-02-09,"Miami-Dade","FL",147,18.3165,-0.263995739879984,1633.59208355383
"72",12086,2021-02-10,"Miami-Dade","FL",103,19.79167,-0.227903141405025,1619.76761676226
"73",12086,2021-02-11,"Miami-Dade","FL",118,19.62963,-0.296784979793318,1596.02164299971
"74",12086,2021-02-12,"Miami-Dade","FL",108,20.36458,-0.182829882330746,1557.47386069713
"75",12086,2021-02-13,"Miami-Dade","FL",97,22.0216,0.0418130693162888,1505.09131471211
"76",12086,2021-02-14,"Miami-Dade","FL",81,21.51389,0.0806104067093006,1442.35990953812
"77",12086,2021-02-15,"Miami-Dade","FL",78,22.55051,-0.111341840959062,1376.99364178584
"78",12086,2021-02-16,"Miami-Dade","FL",99,19.58937,-0.221592983650861,1317.76353109518
"79",12086,2021-02-17,"Miami-Dade","FL",105,19.22515,-0.176968745319838,1272.26379618674
"80",12086,2021-02-18,"Miami-Dade","FL",103,21.65033,-0.262508251608322,1243.38145210381
"81",12086,2021-02-19,"Miami-Dade","FL",125,20.72104,-0.199779117484898,1231.36487636373
"82",12086,2021-02-20,"Miami-Dade","FL",107,12.36111,-0.0415106154227856,1230.61510005718
"83",12086,2021-02-21,"Miami-Dade","FL",93,14.12037,-0.0797920269457544,1234.07131766831
"84",12086,2021-02-22,"Miami-Dade","FL",103,18.57778,-0.207054600928723,1234.67272368114
"85",12086,2021-02-23,"Miami-Dade","FL",93,18.78086,-0.21296709721147,1226.51313552424
"86",12086,2021-02-24,"Miami-Dade","FL",98,18.82716,-0.204652183672605,1209.48166332352
"87",12086,2021-02-25,"Miami-Dade","FL",86,15.23148,-0.248583721114687,1189.32924382673
"88",12086,2021-02-26,"Miami-Dade","FL",84,18.82716,-0.229173924050705,1172.98361470086
"89",12086,2021-02-27,"Miami-Dade","FL",102,19.9537,0.00544417008305667,1167.37251361297
"90",12086,2021-02-28,"Miami-Dade","FL",79,21,-0.0519840762238064,1177.7829276815
"91",12086,2021-03-01,"Miami-Dade","FL",77,21.21528,-0.217530595888494,1202.93884183062
"92",12086,2021-03-02,"Miami-Dade","FL",88,21.00529,-0.171973435639031,1238.76886749145
"93",12086,2021-03-03,"Miami-Dade","FL",89,19.72222,-0.0278396068112215,1276.58312431709
"94",12086,2021-03-04,"Miami-Dade","FL",85,14.26523,-0.162860674130638,1306.5371090161
"95",12086,2021-03-05,"Miami-Dade","FL",73,13.00926,-0.217445131309552,1320.08579190087
"96",12086,2021-03-06,"Miami-Dade","FL",83,15.85714,0.0127420517243416,1313.88203769897
"97",12086,2021-03-07,"Miami-Dade","FL",83,13.31276,0.115635364465216,1287.51893529033
"98",12086,2021-03-08,"Miami-Dade","FL",75,11.41204,-0.120221357343569,1247.15257574914
"99",12086,2021-03-09,"Miami-Dade","FL",87,13.49537,-0.12130313416487,1200.57980069822
"100",12086,2021-03-10,"Miami-Dade","FL",95,14.53704,-0.18399952758152,1155.17075965698
"101",12086,2021-03-11,"Miami-Dade","FL",85,16.08796,-0.25236837552765,1116.58883373143
"102",12086,2021-03-12,"Miami-Dade","FL",95,16.31944,-0.217102224393584,1088.77123832054
"103",12086,2021-03-13,"Miami-Dade","FL",91,16.48148,0.215872922106308,1070.45729440798
"104",12086,2021-03-14,"Miami-Dade","FL",71,17.6749,0.124812807996659,1059.08684937368
"105",12086,2021-03-15,"Miami-Dade","FL",79,18.61111,-0.235050300181682,1052.22801006052
"106",12086,2021-03-16,"Miami-Dade","FL",95,19.05093,-0.238465000522878,1047.96192116296
"107",12086,2021-03-17,"Miami-Dade","FL",102,18.98413,0.0811183084572513,1044.92467894181
"108",12086,2021-03-18,"Miami-Dade","FL",93,20.64327,-0.0759622608751045,1043.45914807123
"109",12086,2021-03-19,"Miami-Dade","FL",90,17.68199,-0.0243850970819367,1044.33488532875
"110",12086,2021-03-20,"Miami-Dade","FL",83,13.63095,0.0938741271960397,1048.17836131163
"111",12086,2021-03-21,"Miami-Dade","FL",80,13.20789,0.292269703482213,1055.04370189601
"112",12086,2021-03-22,"Miami-Dade","FL",75,14.94253,-0.0951176632655511,1064.713687315
"113",12086,2021-03-23,"Miami-Dade","FL",93,15.28889,-0.107873191474478,1076.45805994989
"114",12086,2021-03-24,"Miami-Dade","FL",83,17.68519,-0.139299063309412,1089.41830271917
"115",12086,2021-03-25,"Miami-Dade","FL",80,20.82583,-0.148587655656403,1102.73589854126
"116",12086,2021-03-26,"Miami-Dade","FL",85,21.85185,-0.154714955758987,1115.59904046195
"117",12086,2021-03-27,"Miami-Dade","FL",63,20.29514,0.0638142271475999,1127.52584821683
"118",12086,2021-03-28,"Miami-Dade","FL",79,21.48148,0.0708534541915814,1138.65349638997
"119",12086,2021-03-29,"Miami-Dade","FL",76,21.4751,0.0170285076758876,1149.26224574559
"120",12086,2021-03-30,"Miami-Dade","FL",92,21.68724,0.103066993742235,1159.632357048
"121",12086,2021-03-31,"Miami-Dade","FL",77,22.11538,0.135052277302533,1170.14614706532
"122",12086,2021-04-01,"Miami-Dade","FL",70,20.39931,0.0170103353541056,1181.59415658118
"123",12086,2021-04-02,"Miami-Dade","FL",69,11.04167,-0.0647620997257031,1194.82227225568
"124",12086,2021-04-03,"Miami-Dade","FL",88,11.78241,0.164814924209308,1210.4895402394
"125",12086,2021-04-04,"Miami-Dade","FL",69,13.58796,-0.0835150188234413,1229.20829655553
"126",12086,2021-04-05,"Miami-Dade","FL",64,14.35185,0.110786512908869,1251.24990405337
"127",12086,2021-04-06,"Miami-Dade","FL",88,15.06944,0.0785213357560624,1275.52183288658
"128",12086,2021-04-07,"Miami-Dade","FL",91,16.71111,-0.272118380671823,1300.48852403098
"129",12086,2021-04-08,"Miami-Dade","FL",98,17.19907,-0.409192963040914,1324.20619444697
"130",12086,2021-04-09,"Miami-Dade","FL",106,18.55556,-0.094984929011674,1344.6290050911
"131",12086,2021-04-10,"Miami-Dade","FL",101,19.64444,-0.0309152774660035,1360.12371162173
"132",12086,2021-04-11,"Miami-Dade","FL",75,19.17417,-0.20503946668212,1370.70744850453
"133",12086,2021-04-12,"Miami-Dade","FL",76,20.68519,-0.0550208283846439,1377.1509180809
"134",12086,2021-04-13,"Miami-Dade","FL",100,17.63889,-0.0937522641702706,1381.58871538797
"135",12086,2021-04-14,"Miami-Dade","FL",86,19.55128,-0.0442447654218131,1386.49640863671
"136",12086,2021-04-15,"Miami-Dade","FL",95,19.68889,-0.113678902675051,1393.70768252155
"137",12086,2021-04-16,"Miami-Dade","FL",91,20.24691,-0.0937967966874504,1402.48868767045
"138",12086,2021-04-17,"Miami-Dade","FL",90,22.0202,0.0228269987358372,1411.05109649307
"139",12086,2021-04-18,"Miami-Dade","FL",88,22.36111,0.0165082322078374,1415.95620259164
"140",12086,2021-04-19,"Miami-Dade","FL",81,23.27913,-0.0885798398720524,1413.35270486666
"141",12086,2021-04-20,"Miami-Dade","FL",109,21.58889,-0.102328182714035,1399.38930221851
"142",12086,2021-04-21,"Miami-Dade","FL",85,21.24031,-0.351609904708781,1371.0433473695
"143",12086,2021-04-22,"Miami-Dade","FL",73,18.2,-0.605355473353472,1329.24869184579
"144",12086,2021-04-23,"Miami-Dade","FL",83,18.98467,-0.584552788885458,1278.33537506188
"145",12086,2021-04-24,"Miami-Dade","FL",78,21.97778,-0.492332321215487,1223.27531994873
"146",12086,2021-04-25,"Miami-Dade","FL",64,23.44086,-0.475591010826217,1169.04044943741
"147",12086,2021-04-26,"Miami-Dade","FL",75,18.7963,-0.521140980594688,1120.10627080753
"148",12086,2021-04-27,"Miami-Dade","FL",84,19.21296,-0.519428767017191,1078.9626287331
"149",12086,2021-04-28,"Miami-Dade","FL",80,19.33761,-0.502263019700349,1046.77429841496
"150",12086,2021-04-29,"Miami-Dade","FL",77,21.73611,-0.550744034329189,1021.39143976663
"151",12086,2021-04-30,"Miami-Dade","FL",76,22.26667,-0.50957429941336,999.835558879663
"152",12086,2021-05-01,"Miami-Dade","FL",87,21.15385,-0.440157843125672,979.227671526098
"153",12086,2021-05-02,"Miami-Dade","FL",82,22.46667,-0.449392964336876,957.086832199229
"154",12086,2021-05-03,"Miami-Dade","FL",68,23.4,-0.478587804351121,931.52802072418
"155",12086,2021-05-04,"Miami-Dade","FL",78,23.72685,-0.464979464979465,902.651879531631
"156",12086,2021-05-05,"Miami-Dade","FL",71,23.56481,-0.474031746664167,871.05546670363
"157",12086,2021-05-06,"Miami-Dade","FL",70,23.68313,-0.544411295757003,837.54390855941
"158",12086,2021-05-07,"Miami-Dade","FL",68,20.15556,-0.517314362208905,803.754604366849
"159",12086,2021-05-08,"Miami-Dade","FL",59,17.89683,-0.42482602993821,771.433511950624
"160",12086,2021-05-09,"Miami-Dade","FL",69,21.0119,-0.546617610995406,741.928550414101
"161",12086,2021-05-10,"Miami-Dade","FL",62,22.75556,-0.53162987349627,716.488129180216
"162",12086,2021-05-11,"Miami-Dade","FL",69,22.11538,-0.523232037701491,696.038091178559
"163",12086,2021-05-12,"Miami-Dade","FL",72,23.0754,-0.525087093263874,680.214013365089
"164",12086,2021-05-13,"Miami-Dade","FL",71,22.02991,-0.533113540256919,668.120837965215
"165",12086,2021-05-14,"Miami-Dade","FL",54,20.10684,-0.489755655885455,658.031234255734
"166",12086,2021-05-15,"Miami-Dade","FL",75,19.35185,-0.429147812525844,648.009803276226
"167",12086,2021-05-16,"Miami-Dade","FL",51,18.47222,-0.449788726571406,636.332782586155
"168",12086,2021-05-17,"Miami-Dade","FL",59,18.19444,-0.486168927926659,622.122955824614
"169",12086,2021-05-18,"Miami-Dade","FL",66,19.53704,-0.487764825385404,605.037309643846
"170",12086,2021-05-19,"Miami-Dade","FL",46,20.50926,-0.485096584321896,586.023096669856
"171",12086,2021-05-20,"Miami-Dade","FL",58,20.17857,-0.530300655194875,566.350136021909
"172",12086,2021-05-21,"Miami-Dade","FL",52,18.21759,-0.474098916029952,547.288246819342
"173",12086,2021-05-22,"Miami-Dade","FL",51,18.56481,-0.448378445434246,529.754281253961
"174",12086,2021-05-23,"Miami-Dade","FL",47,18.49537,-0.464867267707003,513.041587287494
"175",12086,2021-05-24,"Miami-Dade","FL",41,18.81944,-0.481158794085434,495.243999874535
"176",12086,2021-05-25,"Miami-Dade","FL",65,19.07407,-0.466665524543338,474.24371744995
"177",12086,2021-05-26,"Miami-Dade","FL",54,20.34722,-0.474357601579756,447.922938448419
"178",12086,2021-05-27,"Miami-Dade","FL",48,20.44444,-0.514692390658773,414.991087740944
"179",12086,2021-05-28,"Miami-Dade","FL",46,20.76389,-0.480858425604252,376.474993324657
"180",12086,2021-05-29,"Miami-Dade","FL",38,20.99617,-0.447650665753004,335.063716848753
"181",12086,2021-05-30,"Miami-Dade","FL",37,21.12847,-0.445525801930896,295.364367246028
"182",12086,2021-05-31,"Miami-Dade","FL",30,21.54762,-0.453770731202235,262.797900913199
"183",12086,2021-06-01,"Miami-Dade","FL",21,21.26984,-0.492461807574348,241.771004490401
"184",12086,2021-06-02,"Miami-Dade","FL",39,21.5873,-0.442570383416688,230.808460515393
"185",12086,2021-06-03,"Miami-Dade","FL",35,22.625,-0.504769851168153,226.004503186176
"186",12086,2021-06-04,"Miami-Dade","FL",31,23.0848,-0.499610502470449,221.135963574512
"187",12086,2021-06-05,"Miami-Dade","FL",56,23.10345,-0.429986649496107,208.670406027717
"188",12086,2021-06-06,"Miami-Dade","FL",32,23.41503,-0.43283738200455,182.20421742563
"189",12086,2021-06-07,"Miami-Dade","FL",33,23.02469,-0.477124604507902,153.137581397221
"190",12086,2021-06-08,"Miami-Dade","FL",42,22.69231,-0.482225527241604,118.66883401928
"191",12086,2021-06-09,"Miami-Dade","FL",34,21.97778,-0.481183479440369,81.9408929358519
"192",12086,2021-06-10,"Miami-Dade","FL",41,22.86667,-0.54439380890493,47.6999976945554
"193",12086,2021-06-11,"Miami-Dade","FL",35,23.71111,-0.53776721150447,20.6923878430414
"194",12086,2021-06-12,"Miami-Dade","FL",39,24.14815,-0.494486123746175,5.66430292888587
"195",12086,2021-06-13,"Miami-Dade","FL",25,23.84259,-0.501373506969302,16.302371854528
"196",12086,2021-06-14,"Miami-Dade","FL",29,23.36182,-0.522842075809086,32.3082496060524
"197",12086,2021-06-15,"Miami-Dade","FL",44,23.11508,-0.506361448483635,52.6904087595841
"198",12086,2021-06-16,"Miami-Dade","FL",29,22.44108,-0.498173469362345,76.6454045546375
"199",12086,2021-06-17,"Miami-Dade","FL",26,22.24537,-0.526744578919725,104.372832743626
"200",12086,2021-06-18,"Miami-Dade","FL",19,23.37963,-0.515984020996454,136.323049207193
"201",12086,2021-06-19,"Miami-Dade","FL",25,24.5,-0.45175269668364,172.946409826026
"202",12086,2021-06-20,"Miami-Dade","FL",37,24.87179,-0.525237969711468,204.117879019942
"203",12086,2021-06-21,"Miami-Dade","FL",28,24.30864,-0.511400168318141,235.432717839663
"204",12086,2021-06-22,"Miami-Dade","FL",42,24.85043,-0.517084558885202,267.569381145037
"205",12086,2021-06-23,"Miami-Dade","FL",34,23.57143,-0.533772763153635,297.651140029476
"206",12086,2021-06-24,"Miami-Dade","FL",35,22.20539,-0.585035751244533,320.972119163971
"207",12086,2021-06-25,"Miami-Dade","FL",40,22.97386,-0.629474741723142,332.575683091301
"208",12086,2021-06-26,"Miami-Dade","FL",41,23.19783,-0.60890466795052,327.505196354136
"209",12086,2021-06-27,"Miami-Dade","FL",38,23.36806,-0.500635693089214,301.739336429942
"210",12086,2021-06-28,"Miami-Dade","FL",36,22.90741,-0.552249383138019,261.552055524816
"211",12086,2021-06-29,"Miami-Dade","FL",49,22.69841,-0.495645476352872,220.974483337913
"212",12086,2021-06-30,"Miami-Dade","FL",38,22.52924,-0.649334576514896,198.081542825468
"213",17031,2020-12-01,"Cook","IL",245,1.640918,-0.46388706834924,3297.42251473701
"214",17031,2020-12-02,"Cook","IL",257,1.889644,-0.438486353442097,3274.16921000636
"215",17031,2020-12-03,"Cook","IL",225,2.737231,-0.500616571860456,3284.02380758543
"216",17031,2020-12-04,"Cook","IL",211,3.333265,-0.460198968395906,3320.84529924647
"217",17031,2020-12-05,"Cook","IL",209,-0.5192188,-0.402222003865571,3376.02141928411
"218",17031,2020-12-06,"Cook","IL",179,-1.361517,-0.440393358679063,3438.67980048026
"219",17031,2020-12-07,"Cook","IL",178,-3.380101,-0.475781274305121,3497.38305023876
"220",17031,2020-12-08,"Cook","IL",206,-1.55253,-0.486440451991173,3540.6937759633
"221",17031,2020-12-09,"Cook","IL",233,-1.588311,-0.544145000193837,3558.01552630524
"222",17031,2020-12-10,"Cook","IL",267,-4.348381,-0.577966316802388,3544.02184700535
"223",17031,2020-12-11,"Cook","IL",236,-3.001639,-0.472792401211747,3501.85215344939
"224",17031,2020-12-12,"Cook","IL",224,-2.240574,-0.605353600341821,3436.55209312254
"225",17031,2020-12-13,"Cook","IL",163,0.5399044,-0.557889399741042,3353.16731350998
"226",17031,2020-12-14,"Cook","IL",152,0.76528,-0.513743717980303,3257.05987879804
"227",17031,2020-12-15,"Cook","IL",201,-1.329873,-0.546883986061796,3154.85751997804
"228",17031,2020-12-16,"Cook","IL",199,-0.9658878,-0.576299720296909,3052.66344349488
"229",17031,2020-12-17,"Cook","IL",202,-2.437896,-0.610476607206787,2953.21709080341
"230",17031,2020-12-18,"Cook","IL",177,-3.57778,-0.51819014785469,2858.41696211099
"231",17031,2020-12-19,"Cook","IL",170,-1.886196,-0.353170102409818,2769.53414134716
"232",17031,2020-12-20,"Cook","IL",175,0.3489044,-0.488896924456429,2685.33004733058
"233",17031,2020-12-21,"Cook","IL",167,0.645314,-0.526518384235525,2603.62226590103
"234",17031,2020-12-22,"Cook","IL",189,0.1356546,0.00716648990503543,2520.96271609334
"235",17031,2020-12-23,"Cook","IL",182,-0.06644111,0.0623685927494954,2433.58690024116
"236",17031,2020-12-24,"Cook","IL",196,-2.11785,-0.297324021298722,2339.00720293622
"237",17031,2020-12-25,"Cook","IL",146,-0.6734507,-0.843551933543562,2239.84353780275
"238",17031,2020-12-26,"Cook","IL",119,0.2007857,-0.265590870629116,2140.62011700085
"239",17031,2020-12-27,"Cook","IL",171,-1.096521,-0.260980909017963,2048.3708178016
"240",17031,2020-12-28,"Cook","IL",154,-1.743046,-0.158992589802297,1970.75693375363
"241",17031,2020-12-29,"Cook","IL",185,-1.380575,-0.218192630173554,1915.43975840572
"242",17031,2020-12-30,"Cook","IL",173,-5.265739,-0.277838128538046,1889.31336310212
"243",17031,2020-12-31,"Cook","IL",159,-5.629721,-0.350389737819628,1894.9260481111
"244",17031,2021-01-01,"Cook","IL",154,-1.682099,-0.612055066436325,1928.95136246395
"245",17031,2021-01-02,"Cook","IL",127,-0.9645062,-0.289249758916152,1986.78597293389
"246",17031,2021-01-03,"Cook","IL",133,-1.350309,-0.317572115379657,2063.82654629407
"247",17031,2021-01-04,"Cook","IL",141,-3.248457,-0.34730981992034,2154.61612674976
"248",17031,2021-01-05,"Cook","IL",160,-1.628086,-0.396090472281149,2250.28326823434
"249",17031,2021-01-06,"Cook","IL",182,-1.304012,-0.347380350837253,2341.87012431781
"250",17031,2021-01-07,"Cook","IL",141,-0.1003086,-0.389311617880773,2423.48773738789
"251",17031,2021-01-08,"Cook","IL",164,-0.9876543,-0.370397995949238,2490.01437203698
"252",17031,2021-01-09,"Cook","IL",141,-3.719136,-0.301117388041879,2536.63897026057
"253",17031,2021-01-10,"Cook","IL",129,-4.097222,-0.395559017312889,2559.79318366747
"254",17031,2021-01-11,"Cook","IL",131,-3.912037,-0.357911792329483,2557.07296383768
"255",17031,2021-01-12,"Cook","IL",188,-1.95216,-0.41239816273288,2529.48875262306
"256",17031,2021-01-13,"Cook","IL",139,0.0617284,-0.404567301545667,2478.90461444338
"257",17031,2021-01-14,"Cook","IL",126,0.9490741,-0.420786143328806,2408.07485087295
"258",17031,2021-01-15,"Cook","IL",147,-0.04084967,-0.413253663492617,2323.31471210398
"259",17031,2021-01-16,"Cook","IL",123,0.0154321,-0.367594808619996,2231.51900807997
"260",17031,2021-01-17,"Cook","IL",131,-2.20679,-0.367399143256315,2138.3398391312
"261",17031,2021-01-18,"Cook","IL",109,-4.182099,-0.30811472563434,2049.11862818464
"262",17031,2021-01-19,"Cook","IL",127,-4.621914,-0.423341229541288,1968.58371529416
"263",17031,2021-01-20,"Cook","IL",126,-5.532407,-0.413575374250324,1899.01110902111
"264",17031,2021-01-21,"Cook","IL",124,-0.625,-0.438755566668371,1841.17349789926
"265",17031,2021-01-22,"Cook","IL",145,-9.444444,-0.420708175235113,1792.28262184438
"266",17031,2021-01-23,"Cook","IL",102,-8.078704,-0.339756639866405,1748.65998361774
"267",17031,2021-01-24,"Cook","IL",90,-2.191358,-0.387914455997464,1706.62708598061
"268",17031,2021-01-25,"Cook","IL",99,-1.307692,-0.433101797937791,1662.47909428454
"269",17031,2021-01-26,"Cook","IL",128,-1.851852,-0.547844925935871,1613.0189071154
"270",17031,2021-01-27,"Cook","IL",114,-7.708333,-0.43409573252763,1557.47541714183
"271",17031,2021-01-28,"Cook","IL",121,-11.33488,-0.440428550592042,1495.69059990554
"272",17031,2021-01-29,"Cook","IL",115,-5.362654,-0.396252157344555,1427.50643094834
"273",17031,2021-01-30,"Cook","IL",104,-3.055556,-0.368162316459028,1353.47590803466
"274",17031,2021-01-31,"Cook","IL",68,-0.8024691,-0.614242151896567,1276.99611781994
"275",17031,2021-02-01,"Cook","IL",85,-5.416667,-0.42812579090176,1202.20150659196
"276",17031,2021-02-02,"Cook","IL",107,-6.566358,-0.407432890725537,1133.3318702774
"277",17031,2021-02-03,"Cook","IL",86,-7.885802,-0.366732736314468,1074.65334221257
"278",17031,2021-02-04,"Cook","IL",97,-2.083333,-0.493599586300171,1029.58013278717
"279",17031,2021-02-05,"Cook","IL",97,-11.62809,-0.406351513086383,998.118760603896
"280",17031,2021-02-06,"Cook","IL",87,-14.81746,-0.39453102175935,978.712799096023
"281",17031,2021-02-07,"Cook","IL",72,-20.6713,-0.485247502470662,966.961732805914
"282",17031,2021-02-08,"Cook","IL",61,-15.30864,-0.476236161058499,957.754024053259
"283",17031,2021-02-09,"Cook","IL",90,-17.0679,-0.416883380794473,946.266594291839
"284",17031,2021-02-10,"Cook","IL",75,-13.64969,-0.40368224871057,928.830201512377
"285",17031,2021-02-11,"Cook","IL",88,-13.41049,-0.440824823505121,902.915985786339
"286",17031,2021-02-12,"Cook","IL",68,-13.64198,-0.336117112772815,869.402778972223
"287",17031,2021-02-13,"Cook","IL",53,-16.79012,-0.297369992891339,830.021335875208
"288",17031,2021-02-14,"Cook","IL",61,-19.62191,-0.236529864223432,786.502411300491
"289",17031,2021-02-15,"Cook","IL",48,-16.37346,-0.486488349938241,740.967656072911
"290",17031,2021-02-16,"Cook","IL",75,-14.41358,-0.545522030586591,696.813845962012
"291",17031,2021-02-17,"Cook","IL",69,-16.0108,-0.395433028390152,656.674816220117
"292",17031,2021-02-18,"Cook","IL",74,-9.066358,-0.424079830428532,622.895942965522
"293",17031,2021-02-19,"Cook","IL",80,-12.47685,-0.352833311107043,597.822602316396
"294",17031,2021-02-20,"Cook","IL",53,-12.06573,-0.231128265824095,583.241964126222
"295",17031,2021-02-21,"Cook","IL",41,-3.780864,-0.324308240428673,578.70837318953
"296",17031,2021-02-22,"Cook","IL",45,-0.5092593,-0.377507237408003,582.827072016429
"297",17031,2021-02-23,"Cook","IL",65,1.736111,-0.337437364711833,592.63971903822
"298",17031,2021-02-24,"Cook","IL",52,1.350309,-0.327936408170201,604.797076666528
"299",17031,2021-02-25,"Cook","IL",78,-2.515432,-0.334980555729193,616.241673738014
"300",17031,2021-02-26,"Cook","IL",56,-1.589506,-0.368882889762503,625.083104789897
"301",17031,2021-02-27,"Cook","IL",48,2.750896,-0.119279844402781,630.280937049247
"302",17031,2021-02-28,"Cook","IL",51,3.880837,-0.228731834110957,633.027562802042
"303",17031,2021-03-01,"Cook","IL",40,-3.526235,-0.361006872069197,635.073580599007
"304",17031,2021-03-02,"Cook","IL",55,-1.149691,-0.30464393953733,637.860864006108
"305",17031,2021-03-03,"Cook","IL",61,2.770062,-0.181901040700058,641.596386650344
"306",17031,2021-03-04,"Cook","IL",56,-0.1003086,-0.269096963738755,645.886630748881
"307",17031,2021-03-05,"Cook","IL",61,-0.6790123,-0.344433632720615,649.171012818348
"308",17031,2021-03-06,"Cook","IL",48,0.4861111,-0.069963939880379,649.597182950246
"309",17031,2021-03-07,"Cook","IL",55,1.674383,-0.0637792805160017,645.696827292309
"310",17031,2021-03-08,"Cook","IL",39,7.029321,-0.248163846677099,637.53777621684
"311",17031,2021-03-09,"Cook","IL",54,7.57716,-0.240438180262753,625.880621137073
"312",17031,2021-03-10,"Cook","IL",59,11.99846,-0.326912782291025,612.720853405156
"313",17031,2021-03-11,"Cook","IL",63,7.120501,-0.376029277218664,600.362689358074
"314",17031,2021-03-12,"Cook","IL",64,3.341049,-0.339773379733038,591.11034533275
"315",17031,2021-03-13,"Cook","IL",47,2.669753,0.0512760120789632,587.147810535447
"316",17031,2021-03-14,"Cook","IL",52,2.083333,-0.0520191151162433,589.794129593323
"317",17031,2021-03-15,"Cook","IL",45,-0.7716049,-0.414839902565107,598.711975778262
"318",17031,2021-03-16,"Cook","IL",74,1.442901,-0.411342376845259,613.179986305992
"319",17031,2021-03-17,"Cook","IL",55,2.222222,-0.171112964250629,632.476798392267
"320",17031,2021-03-18,"Cook","IL",60,2.777778,-0.253314239495074,655.792393807837
"321",17031,2021-03-19,"Cook","IL",56,0.470679,-0.171515462821502,681.962132543932
"322",17031,2021-03-20,"Cook","IL",72,2.361111,-0.0518701835693643,709.852946277533
"323",17031,2021-03-21,"Cook","IL",56,4.830247,0.121884959872241,738.812675208518
"324",17031,2021-03-22,"Cook","IL",78,6.705247,-0.238690262480587,768.309386667463
"325",17031,2021-03-23,"Cook","IL",85,10.53241,-0.307086640377404,797.927028680977
"326",17031,2021-03-24,"Cook","IL",83,9.953704,-0.29469042534501,827.71307206
"327",17031,2021-03-25,"Cook","IL",72,6.489198,-0.301553458011551,857.919523756436
"328",17031,2021-03-26,"Cook","IL",80,4.714506,-0.293709689496193,889.153012501808
"329",17031,2021-03-27,"Cook","IL",80,10.01543,-0.0548334698611038,922.108822472518
"330",17031,2021-03-28,"Cook","IL",81,2.276235,-0.0576322776234037,957.249812870012
"331",17031,2021-03-29,"Cook","IL",75,4.313272,-0.140507034768987,994.109142995897
"332",17031,2021-03-30,"Cook","IL",75,7.017974,-0.107508996331581,1031.87166648073
"333",17031,2021-03-31,"Cook","IL",103,-0.9538784,-0.104993826075983,1069.25871417071
"334",17031,2021-04-01,"Cook","IL",94,-3.248457,-0.109440652827422,1104.87573621605
"335",17031,2021-04-02,"Cook","IL",83,-0.9104938,-0.143275397930876,1137.32818276695
"336",17031,2021-04-03,"Cook","IL",96,5.972222,0.0188767130367315,1165.52117101714
"337",17031,2021-04-04,"Cook","IL",96,9.151235,-0.315720588602343,1189.79091130948
"338",17031,2021-04-05,"Cook","IL",79,13.28704,-0.121264736523034,1211.70298093019
"339",17031,2021-04-06,"Cook","IL",121,13.9429,-0.0840870228813928,1233.05538214048
"340",17031,2021-04-07,"Cook","IL",107,15.03086,-0.387067505693455,1255.64611720167
"341",17031,2021-04-08,"Cook","IL",114,12.22994,-0.498124522890822,1280.72515087921
"342",17031,2021-04-09,"Cook","IL",127,10.94136,-0.215895701739752,1307.35029795574
"343",17031,2021-04-10,"Cook","IL",92,9.992284,-0.160796795489959,1333.73166867468
"344",17031,2021-04-11,"Cook","IL",131,9.13928,-0.293196154781533,1356.88070510529
"345",17031,2021-04-12,"Cook","IL",118,8.757716,-0.201984853364186,1373.50918227326
"346",17031,2021-04-13,"Cook","IL",119,4.768519,-0.207426775653611,1380.71961222135
"347",17031,2021-04-14,"Cook","IL",131,2.20679,-0.220963792018358,1377.17745506018
"348",17031,2021-04-15,"Cook","IL",120,4.212963,-0.244939469880796,1362.48694541324
"349",17031,2021-04-16,"Cook","IL",139,5.156495,-0.172156391275328,1338.44446788677
"350",17031,2021-04-17,"Cook","IL",112,5.015432,-0.075099161625673,1307.39444458278
"351",17031,2021-04-18,"Cook","IL",145,5.772947,-0.0922889974217655,1271.83404839746
"352",17031,2021-04-19,"Cook","IL",110,4.729938,-0.249017284855803,1234.87145540385
"353",17031,2021-04-20,"Cook","IL",109,1.165123,-0.27372081119133,1199.37685545218
"354",17031,2021-04-21,"Cook","IL",123,1.141975,-0.489446590402002,1166.65749032476
"355",17031,2021-04-22,"Cook","IL",107,2.5,-0.624431778359938,1137.6298647868
"356",17031,2021-04-23,"Cook","IL",125,3.62963,-0.601035559190639,1113.07939573128
"357",17031,2021-04-24,"Cook","IL",105,5.374396,-0.538166465784034,1093.26714856152
"358",17031,2021-04-25,"Cook","IL",95,3.438438,-0.505142339215135,1078.17035001441
"359",17031,2021-04-26,"Cook","IL",85,9.799383,-0.548086406621671,1067.15522364997
"360",17031,2021-04-27,"Cook","IL",105,16.72068,-0.537767121005418,1059.43524223392
"361",17031,2021-04-28,"Cook","IL",108,13.0303,-0.554631185368666,1054.22387853213
"362",17031,2021-04-29,"Cook","IL",104,10.50926,-0.57060382369265,1050.54337398971
"363",17031,2021-04-30,"Cook","IL",107,7.4,-0.519680238901349,1046.78213264145
"364",17031,2021-05-01,"Cook","IL",77,10.97994,-0.478140990475645,1041.66167869113
"365",17031,2021-05-02,"Cook","IL",96,15.50154,-0.476928833589699,1034.0346242148
"366",17031,2021-05-03,"Cook","IL",103,16.33488,-0.524687906486719,1022.75358128845
"367",17031,2021-05-04,"Cook","IL",108,10.80247,-0.524555237715101,1006.83235928458
"368",17031,2021-05-05,"Cook","IL",107,7.407407,-0.505461675067657,985.929556760488
"369",17031,2021-05-06,"Cook","IL",98,7.214506,-0.577999655250143,960.056200890719
"370",17031,2021-05-07,"Cook","IL",114,5.964506,-0.554631122180874,929.988244132388
"371",17031,2021-05-08,"Cook","IL",81,4.498457,-0.499865611905287,896.69287026311
"372",17031,2021-05-09,"Cook","IL",81,5.421147,-0.531340948053494,861.24421072091
"373",17031,2021-05-10,"Cook","IL",91,6.003086,-0.573633216654741,825.144187584952
"374",17031,2021-05-11,"Cook","IL",91,5.223765,-0.560248954145904,789.8404732982
"375",17031,2021-05-12,"Cook","IL",84,5.33179,-0.52507388500252,756.135951118693
"376",17031,2021-05-13,"Cook","IL",90,6.666667,-0.523289747101355,724.672307008079
"377",17031,2021-05-14,"Cook","IL",65,8.094136,-0.513885515507105,696.043597149979
"378",17031,2021-05-15,"Cook","IL",70,10.46296,-0.483878613233368,670.653358616351
"379",17031,2021-05-16,"Cook","IL",70,12.9321,-0.460143802738139,648.750551040783
"380",17031,2021-05-17,"Cook","IL",69,15.18519,-0.516603366498305,630.156343415779
"381",17031,2021-05-18,"Cook","IL",87,16.93673,-0.508789167919667,614.584957073692
"382",17031,2021-05-19,"Cook","IL",72,18.91975,-0.50579243572644,601.750613346696
"383",17031,2021-05-20,"Cook","IL",69,19.27469,-0.531706189775325,591.111582804571
"384",17031,2021-05-21,"Cook","IL",73,18.7963,-0.499403777657998,581.149962745258
"385",17031,2021-05-22,"Cook","IL",73,19.20525,-0.504374073252951,570.282418815951
"386",17031,2021-05-23,"Cook","IL",69,20.0463,-0.50012159926863,556.973246441871
"387",17031,2021-05-24,"Cook","IL",57,18.68827,-0.507843643399055,539.686741048271
"388",17031,2021-05-25,"Cook","IL",62,19.15123,-0.494821012468715,517.277820287572
"389",17031,2021-05-26,"Cook","IL",48,17.70736,-0.495020856067973,490.163890721642
"390",17031,2021-05-27,"Cook","IL",64,11.45062,-0.528099575881906,459.408931901928
"391",17031,2021-05-28,"Cook","IL",50,7.75463,-0.508791216034975,427.100726429905
"392",17031,2021-05-29,"Cook","IL",45,6.62037,-0.454884361225323,395.583007669409
"393",17031,2021-05-30,"Cook","IL",43,8.985507,-0.443683036602927,366.91349716907
"394",17031,2021-05-31,"Cook","IL",30,12.38248,-0.519578208149788,342.005869216618
"395",17031,2021-06-01,"Cook","IL",45,12.4537,-0.527706787709038,321.097164057295
"396",17031,2021-06-02,"Cook","IL",47,14.42097,-0.474008893420007,302.861933027012
"397",17031,2021-06-03,"Cook","IL",50,15.40689,-0.494362582138548,285.584105234477
"398",17031,2021-06-04,"Cook","IL",33,16.86728,-0.523299997278758,267.755993274423
"399",17031,2021-06-05,"Cook","IL",42,18.81944,-0.493083169030926,248.703443686378
"400",17031,2021-06-06,"Cook","IL",44,19.96142,-0.470743876048368,228.246698311214
"401",17031,2021-06-07,"Cook","IL",32,21.50463,-0.517338248240362,207.350046250653
"402",17031,2021-06-08,"Cook","IL",24,21.75926,-0.506935510742663,187.263788421755
"403",17031,2021-06-09,"Cook","IL",32,21.95216,-0.501384493181464,169.238225741478
"404",17031,2021-06-10,"Cook","IL",29,22.24537,-0.537820764170261,154.359116736799
"405",17031,2021-06-11,"Cook","IL",24,22.70833,-0.520805244119879,142.845666888569
"406",17031,2021-06-12,"Cook","IL",25,22.95525,-0.517302981539372,133.919005342942
"407",17031,2021-06-13,"Cook","IL",23,18.51852,-0.486768163723153,126.591877759917
"408",17031,2021-06-14,"Cook","IL",24,16.83642,-0.513174478919236,119.877029799507
"409",17031,2021-06-15,"Cook","IL",28,15.65586,-0.507397261071764,112.914732459417
"410",17031,2021-06-16,"Cook","IL",21,13.15586,-0.500292405619797,105.355358088156
"411",17031,2021-06-17,"Cook","IL",21,16.21914,-0.516590992178724,97.1413467620732
"412",17031,2021-06-18,"Cook","IL",27,22.33796,-0.508651266467526,88.8733081174016
"413",17031,2021-06-19,"Cook","IL",21,21.72068,-0.506495314850814,81.3163941804087
"414",17031,2021-06-20,"Cook","IL",15,20.99537,-0.498946655360032,75.1563102951539
"415",17031,2021-06-21,"Cook","IL",19,15.1466,-0.529646256181121,70.7609750769999
"416",17031,2021-06-22,"Cook","IL",14,12.82407,-0.518359463479397,68.2913351213127
"417",17031,2021-06-23,"Cook","IL",19,15.97222,-0.527286104670489,67.398235672719
"418",17031,2021-06-24,"Cook","IL",19,19.01235,-0.566853248320292,67.6049966380233
"419",17031,2021-06-25,"Cook","IL",15,22.27053,-0.611734602209412,68.4184325061506
"420",17031,2021-06-26,"Cook","IL",15,22.8858,-0.637004342060412,69.2793360942576
"421",17031,2021-06-27,"Cook","IL",17,22.39198,-0.505434424990166,69.6914414836959
"422",17031,2021-06-28,"Cook","IL",15,22.3534,-0.566176773532822,69.4762694846306
"423",17031,2021-06-29,"Cook","IL",24,22.81804,-0.560783086959027,68.5347875893682
"424",17031,2021-06-30,"Cook","IL",17,22.07977,-0.682983642606922,66.8819372876314
"425",26163,2020-12-01,"Wayne","MI",83,2.145219,-0.553130238603935,988.881486985029
"426",26163,2020-12-02,"Wayne","MI",90,2.354083,-0.450736289378676,1002.03234316686
"427",26163,2020-12-03,"Wayne","MI",83,2.301692,-0.522333696592479,1007.73943525122
"428",26163,2020-12-04,"Wayne","MI",72,2.905624,-0.518645778844947,1006.31203133538
"429",26163,2020-12-05,"Wayne","MI",71,1.010974,-0.530868861374403,998.059399516597
"430",26163,2020-12-06,"Wayne","MI",65,-0.6230838,-0.537240804121463,983.416354277091
"431",26163,2020-12-07,"Wayne","MI",43,-2.065955,-0.484473588897997,963.268350956085
"432",26163,2020-12-08,"Wayne","MI",73,-1.318628,-0.526717365645217,938.420212546266
"433",26163,2020-12-09,"Wayne","MI",62,-0.1313721,-0.563722251503881,909.625217357453
"434",26163,2020-12-10,"Wayne","MI",67,-2.730856,-0.594616274758732,877.636643699458
"435",26163,2020-12-11,"Wayne","MI",72,-3.038305,-0.530105787953173,843.414762458242
"436",26163,2020-12-12,"Wayne","MI",59,-1.949695,-0.687862849570528,808.747814824316
"437",26163,2020-12-13,"Wayne","MI",47,-0.5321737,-0.662433534526601,775.505488179389
"438",26163,2020-12-14,"Wayne","MI",58,0.3302048,-0.541643315096869,745.05528436528
"439",26163,2020-12-15,"Wayne","MI",75,-0.4822285,-0.585959271488548,718.639158838842
"440",26163,2020-12-16,"Wayne","MI",62,-0.6020082,-0.622400221715773,697.030263571896
"441",26163,2020-12-17,"Wayne","MI",48,-1.580062,-0.643063061038771,679.126536596086
"442",26163,2020-12-18,"Wayne","MI",71,-2.323767,-0.580341083784867,663.150119881873
"443",26163,2020-12-19,"Wayne","MI",56,-1.888152,-0.494885086103551,646.495185095168
"444",26163,2020-12-20,"Wayne","MI",55,-0.7926394,-0.59269560491435,626.348911325722
"445",26163,2020-12-21,"Wayne","MI",59,0.8876316,-0.554613444150035,600.452672815117
"446",26163,2020-12-22,"Wayne","MI",55,1.261026,-0.140136558545368,568.764624412188
"447",26163,2020-12-23,"Wayne","MI",58,0.8597339,0.00659208504383588,532.26591960263
"448",26163,2020-12-24,"Wayne","MI",52,-0.4635598,-0.300902155961757,493.812925812302
"449",26163,2020-12-25,"Wayne","MI",48,-1.096648,-0.883602702764943,456.730813952109
"450",26163,2020-12-26,"Wayne","MI",46,0.4233418,-0.46090594972937,424.165019428877
"451",26163,2020-12-27,"Wayne","MI",38,-0.1380358,-0.378936305386999,398.542035633151
"452",26163,2020-12-28,"Wayne","MI",45,-1.896486,-0.196261207164961,381.55442529959
"453",26163,2020-12-29,"Wayne","MI",47,-0.8915181,-0.221758527438706,372.677970555584
"454",26163,2020-12-30,"Wayne","MI",59,-3.238189,-0.26436389101284,370.834258376714
"455",26163,2020-12-31,"Wayne","MI",51,-3.468791,-0.326349020885528,374.944875738561
"456",26163,2021-01-01,"Wayne","MI",40,-0.632716,-0.580559154824328,383.834189960791
"457",26163,2021-01-02,"Wayne","MI",47,1.103395,-0.399876020014274,396.117425243578
"458",26163,2021-01-03,"Wayne","MI",44,1.419753,-0.402914089096091,411.03152814747
"459",26163,2021-01-04,"Wayne","MI",41,0.1157407,-0.291268736854814,427.993180737074
"460",26163,2021-01-05,"Wayne","MI",57,-0.0617284,-0.392439377866758,446.41906507703
"461",26163,2021-01-06,"Wayne","MI",46,0.7407407,-0.346292323338802,465.457499258424
"462",26163,2021-01-07,"Wayne","MI",51,-0.2854938,-0.367365097911447,483.183345478288
"463",26163,2021-01-08,"Wayne","MI",52,-2.399691,-0.378161031363221,497.50032161604
"464",26163,2021-01-09,"Wayne","MI",64,-2.098765,-0.393015287061839,506.701024174669
"465",26163,2021-01-10,"Wayne","MI",42,-2.484568,-0.416743955743567,509.17526931308
"466",26163,2021-01-11,"Wayne","MI",34,-2.824074,-0.309599242583097,503.751741634031
"467",26163,2021-01-12,"Wayne","MI",48,-2.986111,-0.415278421060495,491.014599515726
"468",26163,2021-01-13,"Wayne","MI",38,0.7407407,-0.35496299375682,472.255233753786
"469",26163,2021-01-14,"Wayne","MI",43,2.091049,-0.3739419609253,449.838491037887
"470",26163,2021-01-15,"Wayne","MI",50,1.126543,-0.417517214217668,426.397582031215
"471",26163,2021-01-16,"Wayne","MI",40,-1.604938,-0.408132901135892,404.404663338128
"472",26163,2021-01-17,"Wayne","MI",20,0.308642,-0.419321750086061,385.687675327595
"473",26163,2021-01-18,"Wayne","MI",39,-1.558642,-0.294771154615986,371.474635865918
"474",26163,2021-01-19,"Wayne","MI",51,-2.229938,-0.396202058836712,361.238089043917
"475",26163,2021-01-20,"Wayne","MI",44,-4.591049,-0.380831483639801,354.011710508548
"476",26163,2021-01-21,"Wayne","MI",44,-0.2083333,-0.409365345077464,348.78929826279
"477",26163,2021-01-22,"Wayne","MI",46,-3.564815,-0.444655779094037,344.405139733779
"478",26163,2021-01-23,"Wayne","MI",40,-7.337963,-0.422156922152485,339.814698763506
"479",26163,2021-01-24,"Wayne","MI",17,-5.069444,-0.497993885257003,334.617655429357
"480",26163,2021-01-25,"Wayne","MI",28,-1.838235,-0.375255596434041,328.574743867519
"481",26163,2021-01-26,"Wayne","MI",32,-0.3240741,-0.476344294870837,321.446698214198
"482",26163,2021-01-27,"Wayne","MI",33,-4.513889,-0.373004619903445,313.0367535061
"483",26163,2021-01-28,"Wayne","MI",28,-7.407407,-0.426399577570807,303.358026025904
"484",26163,2021-01-29,"Wayne","MI",28,-7.800926,-0.433708988897646,292.625643532655
"485",26163,2021-01-30,"Wayne","MI",33,-9.396135,-0.406508568943901,281.094611429362
"486",26163,2021-01-31,"Wayne","MI",33,-1.777778,-0.493407559489317,269.019935119026
"487",26163,2021-02-01,"Wayne","MI",24,-3.41821,-0.353209172877867,256.71714489669
"488",26163,2021-02-02,"Wayne","MI",42,-4.220679,-0.367252842479569,244.743870625566
"489",26163,2021-02-03,"Wayne","MI",39,-6.875,-0.292110531251779,233.675766160373
"490",26163,2021-02-04,"Wayne","MI",24,-4.33642,-0.371490523430215,223.918481753852
"491",26163,2021-02-05,"Wayne","MI",29,-6.782407,-0.41083408882729,215.835166758219
"492",26163,2021-02-06,"Wayne","MI",22,-11.13636,-0.354775025343216,209.638864486351
"493",26163,2021-02-07,"Wayne","MI",16,-11.86728,-0.449052311502816,204.942194093676
"494",26163,2021-02-08,"Wayne","MI",18,-10.87963,-0.373301054156579,201.147143804244
"495",26163,2021-02-09,"Wayne","MI",24,-9.483025,-0.367154831094709,197.413602273924
"496",26163,2021-02-10,"Wayne","MI",22,-10.78704,-0.334585433570639,192.840933266576
"497",26163,2021-02-11,"Wayne","MI",18,-9.591049,-0.356736959183903,186.725314771357
"498",26163,2021-02-12,"Wayne","MI",29,-6.334877,-0.301510940915438,179.150181678681
"499",26163,2021-02-13,"Wayne","MI",23,-6.189358,-0.284119110369654,170.545889143626
"500",26163,2021-02-14,"Wayne","MI",9,-8.734568,-0.193573558704164,161.94321647871
"501",26163,2021-02-15,"Wayne","MI",16,-9.182099,-0.336182542557045,154.523049035804
"502",26163,2021-02-16,"Wayne","MI",18,-10.12346,-0.506252110382334,149.333978268571
"503",26163,2021-02-17,"Wayne","MI",16,-12.77006,-0.317006540120409,146.895420037811
"504",26163,2021-02-18,"Wayne","MI",15,-5.632716,-0.350872383691537,147.397682080787
"505",26163,2021-02-19,"Wayne","MI",25,-8.804012,-0.33161226405207,150.243815233523
"506",26163,2021-02-20,"Wayne","MI",15,-10.61728,-0.285861760203101,154.64005610673
"507",26163,2021-02-21,"Wayne","MI",14,-8.063272,-0.322119569916496,159.792641311113
"508",26163,2021-02-22,"Wayne","MI",19,0.1080247,-0.319377037305324,164.982834411852
"509",26163,2021-02-23,"Wayne","MI",22,1.790123,-0.312062870717605,169.924300690221
"510",26163,2021-02-24,"Wayne","MI",18,2.908951,-0.244045718980206,174.934907974823
"511",26163,2021-02-25,"Wayne","MI",18,-0.6867284,-0.281151344246087,180.464817992478
"512",26163,2021-02-26,"Wayne","MI",11,-1.404321,-0.356502441314686,186.96419247001
"513",26163,2021-02-27,"Wayne","MI",18,3.396057,-0.187032724546812,194.750547982969
"514",26163,2021-02-28,"Wayne","MI",18,6.827697,-0.250130366578467,203.610820501866
"515",26163,2021-03-01,"Wayne","MI",19,-0.625,-0.300914364869072,213.124273891469
"516",26163,2021-03-02,"Wayne","MI",27,-4.290123,-0.235291270113998,222.570064198675
"517",26163,2021-03-03,"Wayne","MI",18,1.983025,-0.105404074522235,231.152320515915
"518",26163,2021-03-04,"Wayne","MI",25,-2.145062,-0.212324596389129,238.279256202698
"519",26163,2021-03-05,"Wayne","MI",20,-2.669753,-0.326451876092411,244.175421686864
"520",26163,2021-03-06,"Wayne","MI",23,-2.631173,-0.161687395494887,249.402096814617
"521",26163,2021-03-07,"Wayne","MI",20,-2.970679,-0.147471855050624,255.05114203721
"522",26163,2021-03-08,"Wayne","MI",23,3.541667,-0.205723835122032,262.347062957157
"523",26163,2021-03-09,"Wayne","MI",29,4.822531,-0.214070610031226,272.306873372598
"524",26163,2021-03-10,"Wayne","MI",22,8.387346,-0.258264232742174,285.117619864189
"525",26163,2021-03-11,"Wayne","MI",21,11.2037,-0.327286004786033,300.554772941171
"526",26163,2021-03-12,"Wayne","MI",22,3.333333,-0.325810822433306,317.577466044419
"527",26163,2021-03-13,"Wayne","MI",26,-0.1697531,-0.0737300608363959,334.940748347734
"528",26163,2021-03-14,"Wayne","MI",24,0.8888889,-0.119358859583783,351.645375033601
"529",26163,2021-03-15,"Wayne","MI",27,-1.638889,-0.333887416839818,367.674925319345
"530",26163,2021-03-16,"Wayne","MI",24,2.79321,-0.395023531696822,383.466176235348
"531",26163,2021-03-17,"Wayne","MI",37,3.148148,-0.00897008569215656,400.285872029484
"532",26163,2021-03-18,"Wayne","MI",36,2.569444,-0.199000101113371,419.60824875396
"533",26163,2021-03-19,"Wayne","MI",41,-2.469136,-0.159642570286787,442.907542461008
"534",26163,2021-03-20,"Wayne","MI",33,-0.1311728,-0.134023040670422,471.502401270498
"535",26163,2021-03-21,"Wayne","MI",38,2.638889,-0.0231083151589881,505.843415564263
"536",26163,2021-03-22,"Wayne","MI",57,6.373457,-0.187698329489061,545.242763756928
"537",26163,2021-03-23,"Wayne","MI",66,7.770062,-0.236300070221571,588.766918254465
"538",26163,2021-03-24,"Wayne","MI",58,12.3752,-0.224484745905311,635.482351462795
"539",26163,2021-03-25,"Wayne","MI",70,9.112654,-0.230614881641182,684.430321696713
"540",26163,2021-03-26,"Wayne","MI",62,8.549383,-0.254499712606809,734.551230906318
"541",26163,2021-03-27,"Wayne","MI",54,6.728395,-0.159180751748038,784.915854882892
"542",26163,2021-03-28,"Wayne","MI",60,5.58642,-0.206350825995123,835.217321147086
"543",26163,2021-03-29,"Wayne","MI",67,1.936728,-0.145849774744721,885.304345151873
"544",26163,2021-03-30,"Wayne","MI",69,8.153595,-0.16951845930884,935.073508853766
"545",26163,2021-03-31,"Wayne","MI",85,6.121593,-0.0870729311270634,984.612860223362
"546",26163,2021-04-01,"Wayne","MI",96,-2.677469,-0.161626352391331,1034.08352782593
"547",26163,2021-04-02,"Wayne","MI",71,-2.283951,-0.222495907643155,1083.74749659144
"548",26163,2021-04-03,"Wayne","MI",121,3.148148,-0.18156983001558,1133.89196554101
"549",26163,2021-04-04,"Wayne","MI",99,5.70216,-0.46496804340576,1184.67340378719
"550",26163,2021-04-05,"Wayne","MI",92,7.16821,-0.0997820520152246,1235.72536080835
"551",26163,2021-04-06,"Wayne","MI",150,11.84414,-0.164529440767357,1286.50278967077
"552",26163,2021-04-07,"Wayne","MI",121,13.76543,-0.317979021134759,1336.26917742665
"553",26163,2021-04-08,"Wayne","MI",128,14.45988,-0.439699356244874,1384.24014462465
"554",26163,2021-04-09,"Wayne","MI",159,13.48765,-0.245946064076227,1429.25735525859
"555",26163,2021-04-10,"Wayne","MI",133,13.58796,-0.26063136828859,1468.66664710293
"556",26163,2021-04-11,"Wayne","MI",123,11.08796,-0.339075012204245,1499.57063128583
"557",26163,2021-04-12,"Wayne","MI",110,10.45525,-0.212532962249884,1519.59483856967
"558",26163,2021-04-13,"Wayne","MI",127,8.356481,-0.229030494090929,1526.49552962538
"559",26163,2021-04-14,"Wayne","MI",121,6.419753,-0.166949997649219,1518.02896512388
"560",26163,2021-04-15,"Wayne","MI",121,3.719136,-0.232509072116303,1492.68815203491
"561",26163,2021-04-16,"Wayne","MI",150,5.655864,-0.27427837990137,1452.28703907816
"562",26163,2021-04-17,"Wayne","MI",130,5.640432,-0.23641343733454,1400.87214749145
"563",26163,2021-04-18,"Wayne","MI",116,7.407407,-0.220528694878836,1342.86395506751
"564",26163,2021-04-19,"Wayne","MI",117,7.662037,-0.215000921354455,1282.68293959902
"565",26163,2021-04-20,"Wayne","MI",123,2.006173,-0.289099520401608,1224.42721401998
"566",26163,2021-04-21,"Wayne","MI",98,0.2237654,-0.427292815765575,1170.90543182958
"567",26163,2021-04-22,"Wayne","MI",95,0.9876543,-0.577779775078925,1123.86713536954
"568",26163,2021-04-23,"Wayne","MI",116,2.912458,-0.581982256349087,1082.11488178642
"569",26163,2021-04-24,"Wayne","MI",90,5.8495,-0.552416194135586,1043.71448192804
"570",26163,2021-04-25,"Wayne","MI",79,5.457516,-0.515295181619037,1006.79483305088
"571",26163,2021-04-26,"Wayne","MI",105,5.455247,-0.50603201230167,969.737178046219
"572",26163,2021-04-27,"Wayne","MI",72,13.34105,-0.510490505147092,931.308211072739
"573",26163,2021-04-28,"Wayne","MI",102,16.69082,-0.47771088362149,891.56408572392
"574",26163,2021-04-29,"Wayne","MI",95,9.877451,-0.524976126009729,850.88332045193
"575",26163,2021-04-30,"Wayne","MI",88,7.736626,-0.490982715520219,809.722362943667
"576",26163,2021-05-01,"Wayne","MI",72,6.921296,-0.497880212684412,768.849377824867
"577",26163,2021-05-02,"Wayne","MI",89,14.79938,-0.494339861776519,729.047372547261
"578",26163,2021-05-03,"Wayne","MI",57,14.8534,-0.449413827941821,690.847008927808
"579",26163,2021-05-04,"Wayne","MI",61,14.69907,-0.455585005453377,654.715862374761
"580",26163,2021-05-05,"Wayne","MI",72,6.998457,-0.4375570683038,621.015377485796
"581",26163,2021-05-06,"Wayne","MI",70,7.484568,-0.518073453246301,589.682475616274
"582",26163,2021-05-07,"Wayne","MI",80,7.5,-0.538460164671834,560.470018076261
"583",26163,2021-05-08,"Wayne","MI",54,5.601852,-0.507533241975212,532.819149236997
"584",26163,2021-05-09,"Wayne","MI",42,4.907407,-0.518856834135582,506.093084234994
"585",26163,2021-05-10,"Wayne","MI",49,6.17284,-0.507984012911671,479.655038206776
"586",26163,2021-05-11,"Wayne","MI",54,5.354938,-0.504781939609449,452.973575686716
"587",26163,2021-05-12,"Wayne","MI",54,6.983025,-0.470190858678465,426.044789611146
"588",26163,2021-05-13,"Wayne","MI",39,7.932099,-0.479326809648463,399.394645556583
"589",26163,2021-05-14,"Wayne","MI",31,8.37963,-0.489591572682278,373.655239910091
"590",26163,2021-05-15,"Wayne","MI",47,9.783951,-0.515910130990306,349.458669058754
"591",26163,2021-05-16,"Wayne","MI",43,11.47377,-0.482501341258619,327.367619241047
"592",26163,2021-05-17,"Wayne","MI",28,12.91667,-0.466796291707175,307.667136100965
"593",26163,2021-05-18,"Wayne","MI",41,13.54167,-0.475608014223603,290.467505736056
"594",26163,2021-05-19,"Wayne","MI",28,15.67901,-0.461559780362812,275.45761665247
"595",26163,2021-05-20,"Wayne","MI",28,17.58488,-0.488937073779056,262.221007958508
"596",26163,2021-05-21,"Wayne","MI",34,17.5463,-0.490525894291004,250.269175267142
"597",26163,2021-05-22,"Wayne","MI",34,17.4537,-0.536063005834327,238.825440209916
"598",26163,2021-05-23,"Wayne","MI",24,18.71142,-0.50391421959693,227.110491071641
"599",26163,2021-05-24,"Wayne","MI",27,17.29938,-0.464823957757487,214.622656731617
"600",26163,2021-05-25,"Wayne","MI",32,20.4321,-0.463815571259954,200.929676217726
"601",26163,2021-05-26,"Wayne","MI",26,18.93098,-0.437124029684179,185.772270593381
"602",26163,2021-05-27,"Wayne","MI",24,11.47799,-0.470570391758137,169.583089064083
"603",26163,2021-05-28,"Wayne","MI",22,9.344136,-0.497487248248969,153.039806366212
"604",26163,2021-05-29,"Wayne","MI",20,7.314815,-0.499678640834545,137.10827121751
"605",26163,2021-05-30,"Wayne","MI",12,9.404187,-0.499508339433218,122.826375831131
"606",26163,2021-05-31,"Wayne","MI",17,11.06151,-0.528169935886438,111.089857372289
"607",26163,2021-06-01,"Wayne","MI",12,14.5679,-0.486310379345894,102.225832814687
"608",26163,2021-06-02,"Wayne","MI",17,15.73552,-0.44515132843876,96.2462820486149
"609",26163,2021-06-03,"Wayne","MI",19,18.05556,-0.441022817917289,92.4712568222811
"610",26163,2021-06-04,"Wayne","MI",15,18.71914,-0.506478918781227,90.047826848367
"611",26163,2021-06-05,"Wayne","MI",18,19.07986,-0.519065831513143,88.1604166406157
"612",26163,2021-06-06,"Wayne","MI",15,20.10802,-0.494748012547414,86.1428699168485
"613",26163,2021-06-07,"Wayne","MI",14,21.59722,-0.435058490122445,83.50854024385
"614",26163,2021-06-08,"Wayne","MI",14,22.08333,-0.458248046495645,80.3394013799261
"615",26163,2021-06-09,"Wayne","MI",11,22.03968,-0.414242269023387,76.8595821312795
"616",26163,2021-06-10,"Wayne","MI",14,21.26543,-0.464640654315856,73.2932113041045
"617",26163,2021-06-11,"Wayne","MI",11,20.90278,-0.483216754623553,69.8471492824486
"618",26163,2021-06-12,"Wayne","MI",7,19.86111,-0.52123104435179,66.6218279608625
"619",26163,2021-06-13,"Wayne","MI",8,20.40895,-0.504874447989508,63.5509916076054
"620",26163,2021-06-14,"Wayne","MI",12,17.46914,-0.450178869847564,60.5310296899157
"621",26163,2021-06-15,"Wayne","MI",12,15.34722,-0.464556632950352,57.4583316750276
"622",26163,2021-06-16,"Wayne","MI",6,13.02469,-0.435414145763274,54.2453264611457
"623",26163,2021-06-17,"Wayne","MI",6,15.17747,-0.474370007527329,50.8686006702898
"624",26163,2021-06-18,"Wayne","MI",6,19.92958,-0.481962846146652,47.3380487776012
"625",26163,2021-06-19,"Wayne","MI",12,20.68673,-0.528803373404983,43.7326389466803
"626",26163,2021-06-20,"Wayne","MI",6,22.57716,-0.514558362069475,40.1486077633079
"627",26163,2021-06-21,"Wayne","MI",6,18.44136,-0.452308787179829,36.7180442221288
"628",26163,2021-06-22,"Wayne","MI",5,11.14969,-0.485667329040355,33.7164469534847
"629",26163,2021-06-23,"Wayne","MI",8,14.35185,-0.473128097772697,31.4391275656443
"630",26163,2021-06-24,"Wayne","MI",8,17.53858,-0.500497702479525,30.1172399430444
"631",26163,2021-06-25,"Wayne","MI",3,20.8179,-0.605569647143199,29.9658985391725
"632",26163,2021-06-26,"Wayne","MI",7,22.56944,-0.645653876107062,31.1190059024999
"633",26163,2021-06-27,"Wayne","MI",7,22.46142,-0.519451874996308,33.3856169614883
"634",26163,2021-06-28,"Wayne","MI",6,23.28704,-0.482122546496629,36.4577223307029
"635",26163,2021-06-29,"Wayne","MI",7,23.64734,-0.504724567091482,39.8839029890244
"636",26163,2021-06-30,"Wayne","MI",9,21.93732,-0.626742980443976,43.1768875064195
"637",36061,2020-12-01,"New York","NY",66,4.484337,-0.641046944683298,416.65852411463
"638",36061,2020-12-02,"New York","NY",59,4.88134,-0.634740470903019,435.047302900908
"639",36061,2020-12-03,"New York","NY",65,4.801372,-0.643172211857835,452.415715685828
"640",36061,2020-12-04,"New York","NY",70,4.059914,-0.62549453414443,467.335537805274
"641",36061,2020-12-05,"New York","NY",72,5.473741,-0.598338674068608,479.193933211532
"642",36061,2020-12-06,"New York","NY",64,4.36475,-0.543769518047206,487.853924980709
"643",36061,2020-12-07,"New York","NY",58,2.310923,-0.611821159914993,494.266584067711
"644",36061,2020-12-08,"New York","NY",80,0.5078493,-0.655717331018218,499.654993397167
"645",36061,2020-12-09,"New York","NY",90,2.708975,-0.702558054113072,505.147916417294
"646",36061,2020-12-10,"New York","NY",103,3.113577,-0.701743852877118,511.496838670703
"647",36061,2020-12-11,"New York","NY",94,0.4712409,-0.602457232377924,519.155079069496
"648",36061,2020-12-12,"New York","NY",104,0.9186548,-0.660736136355914,527.760567909372
"649",36061,2020-12-13,"New York","NY",95,1.203531,-0.551079388171067,536.747388331904
"650",36061,2020-12-14,"New York","NY",93,3.216114,-0.668455790760433,545.570368124687
"651",36061,2020-12-15,"New York","NY",103,2.614649,-0.664274595569024,553.767313659246
"652",36061,2020-12-16,"New York","NY",101,1.126464,-0.778309615196681,560.991095429508
"653",36061,2020-12-17,"New York","NY",98,2.345132,-0.866618635786325,567.271861835014
"654",36061,2020-12-18,"New York","NY",97,0.918448,-0.659636137264754,572.734080751696
"655",36061,2020-12-19,"New York","NY",100,-0.8521202,-0.580369641244375,577.502220055484
"656",36061,2020-12-20,"New York","NY",89,0.4769284,-0.588118119687557,581.656782903728
"657",36061,2020-12-21,"New York","NY",103,4.496478,-0.669424420710858,585.08166893336
"658",36061,2020-12-22,"New York","NY",132,5.663321,-0.361285220954377,587.533834478755
"659",36061,2020-12-23,"New York","NY",125,5.456464,-0.349748103616187,588.749491228313
"660",36061,2020-12-24,"New York","NY",106,3.511881,-0.554843553074611,588.464850870413
"661",36061,2020-12-25,"New York","NY",118,2.320993,-0.716217793552176,586.498315599899
"662",36061,2020-12-26,"New York","NY",136,1.145255,-0.384002292062642,582.997049637366
"663",36061,2020-12-27,"New York","NY",118,3.712434,-0.255149937156707,578.23437242847
"664",36061,2020-12-28,"New York","NY",116,1.606322,-0.29961235429384,572.659462293253
"665",36061,2020-12-29,"New York","NY",143,1.046394,-0.367781276871055,566.765462270379
"666",36061,2020-12-30,"New York","NY",151,0.06188872,-0.428044576392844,561.241095078128
"667",36061,2020-12-31,"New York","NY",117,-0.2161173,-0.630252035210931,557.557402153302
"668",36061,2021-01-01,"New York","NY",118,1.063492,-0.665399785775307,557.298814105884
"669",36061,2021-01-02,"New York","NY",105,3.265583,-0.275761898989001,561.720999520094
"670",36061,2021-01-03,"New York","NY",127,1.284722,-0.542776362697044,571.997436473696
"671",36061,2021-01-04,"New York","NY",121,1.885965,-0.49355841710368,589.018501760308
"672",36061,2021-01-05,"New York","NY",161,1.568627,-0.565028298417666,612.542167036879
"673",36061,2021-01-06,"New York","NY",139,0.462963,-0.548101594276645,641.847722996573
"674",36061,2021-01-07,"New York","NY",153,-1.388889,-0.529864891997229,675.432141614041
"675",36061,2021-01-08,"New York","NY",117,-2.523148,-0.515119268483531,711.596815184289
"676",36061,2021-01-09,"New York","NY",128,-3.356481,-0.531175869245041,748.643136002346
"677",36061,2021-01-10,"New York","NY",111,-1.898148,-0.540175241541858,784.677796306501
"678",36061,2021-01-11,"New York","NY",131,-1.712963,-0.388000999626109,817.311789392335
"679",36061,2021-01-12,"New York","NY",164,0.06944444,-0.56190123340734,845.093813635363
"680",36061,2021-01-13,"New York","NY",141,0.8796296,-0.56567739065675,866.855668695257
"681",36061,2021-01-14,"New York","NY",152,3.171296,-0.539186006743197,881.429154231687
"682",36061,2021-01-15,"New York","NY",160,4.003268,-0.543052944625145,887.908957193645
"683",36061,2021-01-16,"New York","NY",162,4.458333,-0.540981736069658,886.441313687308
"684",36061,2021-01-17,"New York","NY",147,1.134259,-0.484036261479503,877.630047164903
"685",36061,2021-01-18,"New York","NY",135,1.574074,-0.548500657699736,862.857781305512
"686",36061,2021-01-19,"New York","NY",186,0.02314815,-0.553866528791947,843.70183984495
"687",36061,2021-01-20,"New York","NY",126,-1.440972,-0.56553720484315,822.152840033144
"688",36061,2021-01-21,"New York","NY",169,-1.736111,-0.549569267786151,801.854573176427
"689",36061,2021-01-22,"New York","NY",176,0.6481481,-0.53660558613665,786.601236805939
"690",36061,2021-01-23,"New York","NY",173,-5.092593,-0.552635012095832,779.135479295605
"691",36061,2021-01-24,"New York","NY",142,-6.226852,-0.548194508344407,781.937061730045
"692",36061,2021-01-25,"New York","NY",138,-4.282407,-0.497615814240023,796.258416254535
"693",36061,2021-01-26,"New York","NY",156,-0.8395062,-0.574058355290988,818.442659256936
"694",36061,2021-01-27,"New York","NY",154,-0.6321839,-0.556112404759578,843.192284671654
"695",36061,2021-01-28,"New York","NY",178,-5.162037,-0.562243432606915,863.556612376679
"696",36061,2021-01-29,"New York","NY",150,-9.143519,-0.565801598404854,872.171668735877
"697",36061,2021-01-30,"New York","NY",150,-7.318841,-0.557766145009877,863.087896593911
"698",36061,2021-01-31,"New York","NY",132,-6.565657,-0.585693833646479,836.013404718542
"699",36061,2021-02-01,"New York","NY",131,-1.812865,-0.805720728487213,793.298047297642
"700",36061,2021-02-02,"New York","NY",94,-1.044776,-0.766903707963647,742.200994276508
"701",36061,2021-02-03,"New York","NY",156,-2.037037,-0.55646826105564,691.208744539769
"702",36061,2021-02-04,"New York","NY",176,-0.7175926,-0.510901154986474,648.807796972074
"703",36061,2021-02-05,"New York","NY",179,2.598566,-0.491250607308048,622.556377430791
"704",36061,2021-02-06,"New York","NY",156,-0.6481481,-0.512621236228852,614.885203183369
"705",36061,2021-02-07,"New York","NY",135,-1.046512,-0.679149135230027,621.639052546851
"706",36061,2021-02-08,"New York","NY",127,-7.083333,-0.527362827469571,637.248287357552
"707",36061,2021-02-09,"New York","NY",148,-1.867284,-0.55739588200652,656.143269451744
"708",36061,2021-02-10,"New York","NY",168,-3.571429,-0.530812909226316,673.069820219335
"709",36061,2021-02-11,"New York","NY",133,-3.796296,-0.570314963474078,684.035599264591
"710",36061,2021-02-12,"New York","NY",134,-6.62037,-0.469869373484224,686.291998772682
"711",36061,2021-02-13,"New York","NY",142,-5.444444,-0.448092793300331,680.803503037904
"712",36061,2021-02-14,"New York","NY",127,-1.626984,-0.344009581995718,669.462869381844
"713",36061,2021-02-15,"New York","NY",111,-0.9309309,-0.608585160976611,654.246188466219
"714",36061,2021-02-16,"New York","NY",116,3.531073,-0.523041022337364,637.462884313312
"715",36061,2021-02-17,"New York","NY",139,-5.324074,-0.477906243997452,621.190254731941
"716",36061,2021-02-18,"New York","NY",132,-3.841808,-0.675243563097315,606.243759316525
"717",36061,2021-02-19,"New York","NY",107,-1.388889,-0.597995825245592,593.123398107898
"718",36061,2021-02-20,"New York","NY",129,-2.839506,-0.482403259561412,582.317788862862
"719",36061,2021-02-21,"New York","NY",120,-3.865741,-0.509640341024461,574.270020202143
"720",36061,2021-02-22,"New York","NY",129,0.6521739,-0.535476071934335,569.328465122295
"721",36061,2021-02-23,"New York","NY",147,2.15812,-0.507032440189006,567.508163259325
"722",36061,2021-02-24,"New York","NY",111,4.166667,-0.502216351192422,568.740820909096
"723",36061,2021-02-25,"New York","NY",143,1.921296,-0.465830226457791,572.881603840015
"724",36061,2021-02-26,"New York","NY",132,-0.06944444,-0.5295623092238,579.479515710627
"725",36061,2021-02-27,"New York","NY",109,6.00907,-0.447606191421628,588.018401936042
"726",36061,2021-02-28,"New York","NY",118,4.569892,-0.518463590729522,598.027637067455
"727",36061,2021-03-01,"New York","NY",101,4.222222,-0.501037790128886,609.047977940086
"728",36061,2021-03-02,"New York","NY",138,-5.925926,-0.482454151586619,620.620181389151
"729",36061,2021-03-03,"New York","NY",138,0.787037,-0.339581936249153,632.0147872695
"730",36061,2021-03-04,"New York","NY",136,-0.4166667,-0.41761711513386,641.498008041996
"731",36061,2021-03-05,"New York","NY",125,-4.930556,-0.511330929928706,647.372001296992
"732",36061,2021-03-06,"New York","NY",116,-3.587963,-0.336999906454984,648.0154651523
"733",36061,2021-03-07,"New York","NY",110,-2.893519,-0.304774805108684,641.807097725722
"734",36061,2021-03-08,"New York","NY",103,-2.592593,-0.419525642540678,627.855684032499
"735",36061,2021-03-09,"New York","NY",103,4.259259,-0.41739682206143,608.190356677556
"736",36061,2021-03-10,"New York","NY",128,5.205761,-0.464851440105948,585.840552143584
"737",36061,2021-03-11,"New York","NY",119,8.730159,-0.540231231591823,564.916574834761
"738",36061,2021-03-12,"New York","NY",122,8.777778,-0.483970559235522,549.7989461356
"739",36061,2021-03-13,"New York","NY",104,-0.1851852,-0.197197508766175,544.116300589885
"740",36061,2021-03-14,"New York","NY",101,0.3009259,-0.294781564939354,548.489725378425
"741",36061,2021-03-15,"New York","NY",105,-5.217391,-0.530332259445595,562.058333943826
"742",36061,2021-03-16,"New York","NY",117,-2.542735,-0.51100278975119,581.040892139038
"743",36061,2021-03-17,"New York","NY",112,3.171296,-0.34755096057611,600.926078919587
"744",36061,2021-03-18,"New York","NY",127,6.292517,-0.440520946312475,617.588706798643
"745",36061,2021-03-19,"New York","NY",114,-1.690821,-0.369421204254033,628.448122520074
"746",36061,2021-03-20,"New York","NY",103,1.62037,-0.307542035480828,632.061693226128
"747",36061,2021-03-21,"New York","NY",83,4.375,-0.110597512485125,629.994333422067
"748",36061,2021-03-22,"New York","NY",95,5.902778,-0.459944633112034,624.562844453885
"749",36061,2021-03-23,"New York","NY",110,7.794118,-0.481341292464907,618.084027667578
"750",36061,2021-03-24,"New York","NY",108,9.278752,-0.552366478067323,612.781125429623
"751",36061,2021-03-25,"New York","NY",131,11.98718,-0.481735086265218,610.11701063075
"752",36061,2021-03-26,"New York","NY",97,12.25071,-0.466377663966522,609.916462951504
"753",36061,2021-03-27,"New York","NY",122,9.189815,-0.22495730697741,611.61812851479
"754",36061,2021-03-28,"New York","NY",93,10.93254,-0.413594199397013,614.660653443454
"755",36061,2021-03-29,"New York","NY",78,3.587963,-0.333254034828058,618.384683580329
"756",36061,2021-03-30,"New York","NY",114,5.717593,-0.273889145407141,621.738863647919
"757",36061,2021-03-31,"New York","NY",116,12.69231,-0.364575449285423,623.667397068208
"758",36061,2021-04-01,"New York","NY",96,5.423977,-0.367124814880982,623.48872318125
"759",36061,2021-04-02,"New York","NY",117,-2.801932,-0.39092215383275,620.61484030661
"760",36061,2021-04-03,"New York","NY",94,-0.9477124,-0.217352894169545,614.585017670547
"761",36061,2021-04-04,"New York","NY",94,7.843137,-0.25616365472944,605.44760812619
"762",36061,2021-04-05,"New York","NY",66,6.507937,-0.235706024684566,593.476235713396
"763",36061,2021-04-06,"New York","NY",88,5.578704,-0.253979335381178,579.336525592342
"764",36061,2021-04-07,"New York","NY",110,8.26087,-0.547566461892037,563.792103203257
"765",36061,2021-04-08,"New York","NY",95,9.398148,-0.734813569569769,547.597602983365
"766",36061,2021-04-09,"New York","NY",87,9.032922,-0.712215296813599,531.471695357811
"767",36061,2021-04-10,"New York","NY",81,11.9697,-0.698222938328665,515.996788842036
"768",36061,2021-04-11,"New York","NY",74,11.58333,-0.757978527899081,501.246208324637
"769",36061,2021-04-12,"New York","NY",63,7.165533,-0.731500427165808,487.166007787519
"770",36061,2021-04-13,"New York","NY",81,7.903226,-0.734608674494928,473.662091807726
"771",36061,2021-04-14,"New York","NY",89,11.06667,-0.743168805960593,460.479767342882
"772",36061,2021-04-15,"New York","NY",78,9.835391,-0.740218019845605,447.333182948749
"773",36061,2021-04-16,"New York","NY",84,5.108025,-0.733923753700796,433.972451193183
"774",36061,2021-04-17,"New York","NY",78,5.685185,-0.713151548379763,420.156675647052
"775",36061,2021-04-18,"New York","NY",64,7.939815,-0.709877320639588,405.644959881195
"776",36061,2021-04-19,"New York","NY",54,9.166667,-0.730809212833184,390.187842999265
"777",36061,2021-04-20,"New York","NY",71,10.97222,-0.74202543125019,373.541755640786
"778",36061,2021-04-21,"New York","NY",61,8.551587,-0.742405871628885,355.615161597479
"779",36061,2021-04-22,"New York","NY",68,0.5324074,-0.733375246459268,336.35667406595
"780",36061,2021-04-23,"New York","NY",57,4.398148,-0.697119140121638,315.714906242784
"781",36061,2021-04-24,"New York","NY",66,8.125,-0.64966510464667,293.827391633876
"782",36061,2021-04-25,"New York","NY",43,9.305556,-0.671119587316193,271.587344982482
"783",36061,2021-04-26,"New York","NY",41,4.074074,-0.658490525830455,250.085465808353
"784",36061,2021-04-27,"New York","NY",47,6.273148,-0.680135257312383,230.446711500238
"785",36061,2021-04-28,"New York","NY",47,13.65385,-0.661708716794328,213.804603914102
"786",36061,2021-04-29,"New York","NY",44,16.85897,-0.685250647326753,201.037623104236
"787",36061,2021-04-30,"New York","NY",45,10.45635,-0.648442714182293,192.004081918247
"788",36061,2021-05-01,"New York","NY",39,5.439815,-0.60608067775252,186.11833109278
"789",36061,2021-05-02,"New York","NY",31,12.06019,-0.608005901357878,182.039040127116
"790",36061,2021-05-03,"New York","NY",31,11.99346,-0.657532744535474,178.235958211269
"791",36061,2021-05-04,"New York","NY",38,13.25203,-0.656220536881948,173.350384615906
"792",36061,2021-05-05,"New York","NY",48,11.95857,-0.68268536709475,166.709818934556
"793",36061,2021-05-06,"New York","NY",34,8.205128,-0.677893722240283,158.068352643084
"794",36061,2021-05-07,"New York","NY",34,8.032407,-0.680442735465094,148.200244424062
"795",36061,2021-05-08,"New York","NY",43,8.012821,-0.680094501440719,138.134794761701
"796",36061,2021-05-09,"New York","NY",28,8.464912,-0.683868165309988,128.901304140267
"797",36061,2021-05-10,"New York","NY",26,9.019608,-0.698726639067171,121.415315895362
"798",36061,2021-05-11,"New York","NY",27,7.731481,-0.69888520547112,115.9657946876
"799",36061,2021-05-12,"New York","NY",34,7.407407,-0.68835480490246,112.041747706123
"800",36061,2021-05-13,"New York","NY",27,8.49537,-0.645265264854835,108.960632059428
"801",36061,2021-05-14,"New York","NY",19,9.837963,-0.628584530795714,106.039904855973
"802",36061,2021-05-15,"New York","NY",37,10.87963,-0.590445656008547,102.674162424976
"803",36061,2021-05-16,"New York","NY",20,11.875,-0.579329825760866,98.5665579786248
"804",36061,2021-05-17,"New York","NY",19,12.4537,-0.621259490151939,93.6111410984801
"805",36061,2021-05-18,"New York","NY",23,13.56481,-0.648431905463654,88.156989960428
"806",36061,2021-05-19,"New York","NY",22,14.92754,-0.631237173503533,82.6669398889601
"807",36061,2021-05-20,"New York","NY",30,11.59722,-0.662629274170743,77.56508823063
"808",36061,2021-05-21,"New York","NY",24,13.54167,-0.621034457187152,73.1205804202804
"809",36061,2021-05-22,"New York","NY",28,17.96296,-0.634931135347054,69.4866846941211
"810",36061,2021-05-23,"New York","NY",27,19.12037,-0.638176850535774,66.5081124053394
"811",36061,2021-05-24,"New York","NY",20,11.08796,-0.629203805553349,63.9524356863901
"812",36061,2021-05-25,"New York","NY",14,14.22619,-0.629612835620339,61.5940013059006
"813",36061,2021-05-26,"New York","NY",23,19.14815,-0.619826857040799,59.2342545772843
"814",36061,2021-05-27,"New York","NY",17,16.6453,-0.619046131447763,56.7201534280361
"815",36061,2021-05-28,"New York","NY",24,10.0591,-0.618664085240278,54.0536076973865
"816",36061,2021-05-29,"New York","NY",15,8.243243,-0.623900374138117,51.2752652024583
"817",36061,2021-05-30,"New York","NY",9,8.866058,-0.607448665126214,48.4415714677181
"818",36061,2021-05-31,"New York","NY",13,10.92014,-0.693759504681389,45.6721628468823
"819",36061,2021-06-01,"New York","NY",10,14.28241,-0.666321979866236,43.0956987648137
"820",36061,2021-06-02,"New York","NY",16,15.07246,-0.606646694681364,40.8137401015929
"821",36061,2021-06-03,"New York","NY",11,17.90509,-0.626882063687776,38.921073101149
"822",36061,2021-06-04,"New York","NY",15,19.34473,-0.645367349456607,37.5124840073818
"823",36061,2021-06-05,"New York","NY",14,19.93056,-0.562432489232885,36.657170555629
"824",36061,2021-06-06,"New York","NY",6,21.25,-0.57239418808779,36.306178739631
"825",36061,2021-06-07,"New York","NY",15,22.93333,-0.597680712446701,36.3217752153161
"826",36061,2021-06-08,"New York","NY",14,22.85441,-0.621638958087375,36.5504289312644
"827",36061,2021-06-09,"New York","NY",23,22.66204,-0.632680817795511,36.8386088360815
"828",36061,2021-06-10,"New York","NY",15,16.94444,-0.631625275827744,37.0436437144068
"829",36061,2021-06-11,"New York","NY",11,15.02137,-0.611995917692758,37.0663016951542
"830",36061,2021-06-12,"New York","NY",10,15.5364,-0.574364302886178,36.8437992518384
"831",36061,2021-06-13,"New York","NY",6,16.2037,-0.579917905326387,36.4157068922649
"832",36061,2021-06-14,"New York","NY",12,18.17829,-0.613764619047527,35.8471836328056
"833",36061,2021-06-15,"New York","NY",12,17.71605,-0.597650968671288,35.1973573543197
"834",36061,2021-06-16,"New York","NY",10,13.56481,-0.602674313982524,34.5012313956768
"835",36061,2021-06-17,"New York","NY",8,12.06019,-0.609041650518073,33.7769181241995
"836",36061,2021-06-18,"New York","NY",14,15.625,-0.603365741940054,32.999090562932
"837",36061,2021-06-19,"New York","NY",10,19.12698,-0.594091814223792,32.1315618988757
"838",36061,2021-06-20,"New York","NY",7,20.37037,-0.574255069230433,31.1609597723539
"839",36061,2021-06-21,"New York","NY",10,22.82051,-0.605147687008541,30.1651696368934
"840",36061,2021-06-22,"New York","NY",13,17.49206,-0.637828639049328,29.2509225348558
"841",36061,2021-06-23,"New York","NY",9,12.77778,-0.612794651372035,28.549074050567
"842",36061,2021-06-24,"New York","NY",10,14.83796,-0.629114393221268,28.1965109038573
"843",36061,2021-06-25,"New York","NY",10,16.83333,-0.67568203894553,28.3075018207433
"844",36061,2021-06-26,"New York","NY",3,21.62393,-0.6425724627802,28.9058435518069
"845",36061,2021-06-27,"New York","NY",4,22.7963,-0.512843935300967,29.9699004004567
"846",36061,2021-06-28,"New York","NY",12,23.7037,-0.620410195411406,31.3867788568853
"847",36061,2021-06-29,"New York","NY",13,24.02778,-0.621857382610643,33.020770957976
"848",36061,2021-06-30,"New York","NY",9,23.15657,-0.722488702573555,34.7361687406248
